{"homepage-sidebar":{"woocommerce_product_categories-3":{"title":"Products","orderby":"name","dropdown":0,"count":0,"hierarchical":1,"show_children_only":0,"hide_empty":0},"social-profile-icons-3":{"title":"Social Media","facebook":"https:\/\/facebook.com\/mythemeshop","behance":"","flickr":"","gplus":"https:\/\/google.com\/+MyThemeShop","pinterest":"","instagram":"","dribbble":"","linkedin":"","soundcloud":"","twitter":"https:\/\/twitter.com\/mythemeshopteam","vimeo":"","stumbleupon":"","tumblr":"","github":"","youtube":"","foursquare":"","reddit":"","dropbox":"","skype":"","vk":"","email":"","rss":""}},"sidebar":{"search-2":{"title":""},"categories-3":{"title":"","count":0,"hierarchical":0,"dropdown":0},"mts_recent_posts_widget-2":{"title":"Latest Posts","qty":4,"title_length":7,"comment_num":0,"date":1,"show_thumb2":1,"box_layout":"horizontal-small","show_excerpt":0,"excerpt_length":10},"tag_cloud-2":{"title":"Popular Tags","taxonomy":"post_tag"}},"footer-first":{"text-2":{"title":"About Us","text":"Lorem ipsum dolor sit amet. Morbi at nisl lorem, vel porttitor justo. Nunc non mauris elit. Nam enim massa, commodo ut placerat sit amet, lacinia in est. Aenean tempus dapibus iaculis. Ut a ipsum libero. Vestibulum pretium mi erat.\r\nultricies et tempor nulla porttitor. Ut posuere feugiat hendrerit.","filter":false}},"footer-first-2":{"text-3":{"title":"Contacts","text":"<address>123 Street Avenue<br\/>\r\nBuilding, Office B24<br \/>\r\n+1 234 56789<br \/>\r\n<a href=\"mailto:support-team@mythemeshop.com\">email@website.com<\/a><\/address>","filter":false}},"footer-first-3":{"wp_subscribe-2":{"title":"NewsLetter","service":"feedburner","feedburner_id":"","mailchimp_api_key":"","mailchimp_list_id":"","mailchimp_double_optin":"0","aweber_list_id":"","getresponse_api_key":"","getresponse_list_id":"","mailerlite_api_key":"","mailerlite_list_id":"","benchmark_user":"","benchmark_pass":"","benchmark_list_name":"","constantcontact_api_key":"","constantcontact_token":"","constantcontact_list_id":"","mailrelay_api_key":"","mailrelay_host":"","mailrelay_group_id":"","include_name_field":"0","thanks_page":"0","thanks_page_url":"","text":"Lorem ipsum dolor sit amet. Morbi at nisl lorem, vel porttitor justo. Nunc non mauris elit. ","name_placeholder":"Enter your name here","email_placeholder":"Enter Address","button_text":"Subscribe","success_message":"Thank you for subscribing.","error_message":"Something went wrong.","footer_text":"","background_color":"#2d2a32","title_color":"#d7d7d7","text_color":"#acabad","field_text_color":"#2d2a32","field_background_color":"#ffffff","button_text_color":"#ffffff","button_background_color":"#ffb600","footer_text_color":"#FFFFFF"}},"shop-sidebar":{"woocommerce_product_categories-2":{"title":"Products","orderby":"name","dropdown":0,"count":0,"hierarchical":1,"show_children_only":0,"hide_empty":0},"woocommerce_price_filter-2":{"title":"Filter by price"},"woocommerce_layered_nav-3":{"title":"Color","attribute":"color","display_type":"list","query_type":"and"},"woocommerce_layered_nav-4":{"title":"Types","attribute":"f-cloth-type","display_type":"list","query_type":"and"},"social-profile-icons-2":{"title":"","facebook":"https:\/\/facebook.com\/mythemeshop","behance":"","flickr":"","gplus":"https:\/\/google.com\/+MyThemeShop","pinterest":"","instagram":"","dribbble":"","linkedin":"","soundcloud":"","twitter":"https:\/\/twitter.com\/mythemeshopteam","vimeo":"","stumbleupon":"","tumblr":"","github":"","youtube":"","foursquare":"","reddit":"","dropbox":"","skype":"","vk":"","email":"","rss":""}},"product-sidebar":{"woocommerce_product_categories-4":{"title":"Products","orderby":"name","dropdown":0,"count":0,"hierarchical":1,"show_children_only":0,"hide_empty":0},"social-profile-icons-4":{"title":"","facebook":"https:\/\/facebook.com\/mythemeshop","behance":"","flickr":"","gplus":"https:\/\/google.com\/+MyThemeShop","pinterest":"","instagram":"","dribbble":"","linkedin":"","soundcloud":"","twitter":"https:\/\/twitter.com\/mythemeshopteam","vimeo":"","stumbleupon":"","tumblr":"","github":"","youtube":"","foursquare":"","reddit":"","dropbox":"","skype":"","vk":"","email":"","rss":""},"wp_subscribe-3":{"title":"Newsletter","service":"feedburner","feedburner_id":"","mailchimp_api_key":"","mailchimp_list_id":"","mailchimp_double_optin":"0","aweber_list_id":"","getresponse_api_key":"","getresponse_list_id":"","mailerlite_api_key":"","mailerlite_list_id":"","benchmark_user":"","benchmark_pass":"","benchmark_list_name":"","constantcontact_api_key":"","constantcontact_token":"","constantcontact_list_id":"","mailrelay_api_key":"","mailrelay_host":"","mailrelay_group_id":"","include_name_field":"0","thanks_page":"0","thanks_page_url":"","text":"","name_placeholder":"Enter your name here","email_placeholder":"Email Address","button_text":"Subscribe Me","success_message":"Thank you for subscribing.","error_message":"Something went wrong.","footer_text":"","background_color":"#ffffff","title_color":"#3a373f","text_color":"#a8a9a7","field_text_color":"#a8a9a7","field_background_color":"#fafdf6","button_text_color":"#ffffff","button_background_color":"#2d2a32","footer_text_color":"#e8e8e8"}},"catalog-ads":{"mts-images-widget-2":{"image_uri":"http:\/\/demo.mythemeshop.com\/wooshop\/files\/2016\/12\/banner.jpg","attachment_id":1034,"width":"full-width","first":0,"link":"http:\/\/demo.mythemeshop.com\/wooshop\/product\/hippie-crewneck-tee\/","top_text":"","middle_text":"","bottom_text":"","button_label":"","horizontal_position":"left","vertical_position":"top","text_colors":0,"top_text_color":"","middle_text_color":"","bottom_text_color":"","btn_color":"","btn_bg_color":""}}}