{"homepage-sidebar":{"search-2":{"title":""},"woocommerce_recent_reviews-2":{"title":"Recent Reviews","number":5},"recent-posts-2":{"title":"From Our Blog","number":2,"show_date":false}},"sidebar":{"text-2":{"title":"","text":"<a href=\"https:\/\/mythemeshop.com\/themes\/wooshop\/\"><img src=\"http:\/\/demo.mythemeshop.com\/wooshop-flowers\/files\/2016\/11\/1-1.jpg\"><\/a>","filter":false},"text-3":{"title":"","text":"<a href=\"https:\/\/mythemeshop.com\/themes\/wooshop\/\"><img src=\"http:\/\/demo.mythemeshop.com\/wooshop-flowers\/files\/2016\/11\/2-1.jpg\"><\/a>","filter":false},"text-4":{"title":"","text":"<a href=\"https:\/\/mythemeshop.com\/themes\/wooshop\/\"><img src=\"http:\/\/demo.mythemeshop.com\/wooshop-flowers\/files\/2016\/11\/6-1.jpg\"><\/a>","filter":false},"text-5":{"title":"","text":"<a href=\"https:\/\/mythemeshop.com\/themes\/wooshop\/\"><img src=\"http:\/\/demo.mythemeshop.com\/wooshop-flowers\/files\/2016\/11\/5-1.jpg\" style=\"width:100%;\"><\/a>","filter":false},"text-6":{"title":"","text":"<a href=\"https:\/\/mythemeshop.com\/themes\/wooshop\/\"><img src=\"http:\/\/demo.mythemeshop.com\/wooshop-flowers\/files\/2016\/11\/7-1.jpg\" style=\"width:100%;\"><\/a>","filter":false}},"shop-sidebar":{"woocommerce_product_search-2":{"title":""},"woocommerce_price_filter-2":{"title":"Filter by price"},"woocommerce_product_categories-2":{"title":"Product Categories","orderby":"name","dropdown":0,"count":0,"hierarchical":1,"show_children_only":0,"hide_empty":0},"woocommerce_products-2":{"title":"Products","number":4,"show":"","orderby":"date","order":"desc","hide_free":0,"show_hidden":0}},"product-sidebar":{"woocommerce_top_rated_products-2":{"title":"Top Products","number":4}}}