{"homepage-sidebar":{"search-2":{"title":""},"mts_recent_posts_widget-3":{"title":"Recent Posts","qty":3,"title_length":7,"comment_num":0,"date":1,"show_thumb2":1,"box_layout":"vertical-small","show_excerpt":0,"excerpt_length":10},"categories-3":{"title":"","count":0,"hierarchical":0,"dropdown":0},"text-2":{"title":"","text":"<a href=\"https:\/\/mythemeshop.com\/themes\/wooshop\/\"><img src=\"http:\/\/demo.mythemeshop.com\/wooshop-medical\/files\/2016\/12\/banner.jpg\"><\/a>","filter":false},"text-3":{"title":"","text":"<a href=\"https:\/\/mythemeshop.com\/themes\/wooshop\/\"><img src=\"http:\/\/demo.mythemeshop.com\/wooshop-medical\/files\/2016\/12\/banner-2.jpg\"><\/a>","filter":false},"text-4":{"title":"","text":"<a href=\"https:\/\/mythemeshop.com\/themes\/wooshop\/\"><img src=\"http:\/\/demo.mythemeshop.com\/wooshop-medical\/files\/2016\/12\/banner-3.jpg\"><\/a>","filter":false}},"sidebar":{"social-profile-icons-2":{"title":"Follow Us","facebook":"#","behance":"","flickr":"","gplus":"#","pinterest":"#","instagram":"#","dribbble":"","linkedin":"#","soundcloud":"#","twitter":"#","vimeo":"#","stumbleupon":"#","tumblr":"#","github":"","youtube":"#","foursquare":"#","reddit":"#","dropbox":"","skype":"#","vk":"","email":"#","rss":"#"},"text-5":{"title":"","text":"<a href=\"https:\/\/mythemeshop.com\/themes\/wooshop\/\"><img src=\"http:\/\/demo.mythemeshop.com\/wooshop-medical\/files\/2016\/12\/banner.jpg\"><\/a>","filter":false},"text-6":{"title":"","text":"<a href=\"https:\/\/mythemeshop.com\/themes\/wooshop\/\"><img src=\"http:\/\/demo.mythemeshop.com\/wooshop-medical\/files\/2016\/12\/banner-2.jpg\"><\/a>","filter":false},"text-7":{"title":"","text":"<a href=\"https:\/\/mythemeshop.com\/themes\/wooshop\/\"><img src=\"http:\/\/demo.mythemeshop.com\/wooshop-medical\/files\/2016\/12\/banner-3.jpg\"><\/a>","filter":false}},"footer-first":{"mts_recent_posts_widget-2":{"title":"Recent Posts","qty":4,"title_length":7,"comment_num":0,"date":0,"show_thumb2":1,"box_layout":"horizontal-small","show_excerpt":0,"excerpt_length":10}},"footer-first-2":{"mts_popular_posts_widget-2":{"title":"Popular Posts","qty":4,"title_length":7,"comment_num":0,"date":1,"days":999999,"show_thumb3":1,"box_layout":"horizontal-small","show_excerpt":0,"excerpt_length":10}},"footer-first-3":{"mts_widget_recent_tweets-3":{"title":"Latest Tweets","consumerkey":"uALGWYZANMHuIz8SnJx6A","consumersecret":"h85rBBN1C54EDAlKM06itZho1EKfkB9xsJThMwE","accesstoken":"28959960-PSRUVP19F74YJ8F1rYSs6cnjaqxPqwxyBv68I0vF9","accesstokensecret":"kCTN92q50F8MnIUmi4hbanYbChTmuJJp5K3e3aUGA","cachetime":"24","username":"mythemeshopteam","tweetstoshow":"4"}},"shop-sidebar":{"woocommerce_product_search-2":{"title":""},"woocommerce_price_filter-2":{"title":"Price"},"woocommerce_product_categories-2":{"title":"Categories","orderby":"name","dropdown":0,"count":0,"hierarchical":1,"show_children_only":0,"hide_empty":0},"woocommerce_top_rated_products-2":{"title":"Top Products","number":3}},"product-sidebar":{"woocommerce_products-2":{"title":"Related","number":5,"show":"onsale","orderby":"date","order":"desc","hide_free":0,"show_hidden":0}}}