{"sidebar":{"mts_ad_250_widget-2":{"title":"","ad":"http:\/\/demo.mythemeshop.com\/wooshop-theme-shop\/wp-content\/themes\/mts_wooshop\/images\/250x250.png","link":"http:\/\/mythemeshop.com\/"},"facebook-like-widget-2":{"title":"Find us on Facebook","page_url":"https:\/\/www.facebook.com\/MyThemeShop\/","width":"250","show_faces":"on","show_stream":"on","show_header":"on"},"mts_post_slider_widget-2":{"title":"Featured Posts","cat":null,"slides_num":3,"slider_nav":"arrows","show_title":0}},"footer-first":{"text-2":{"title":"Text Widget","text":"Pellentesque habitant morbi tristique senectus et netus et malesuada fames ac turpis egestas. Vestibulum tortor quam, feugiat vitae, ultricies eget, tempor sit amet, ante. Donec eu libero sit amet quam egestas semper. Aenean ultricies mi vitae est. Mauris placerat eleifend leo.","filter":false}},"footer-first-2":{"woocommerce_top_rated_products-2":{"title":"Top Rated Products","number":3}},"footer-first-3":{"woocommerce_recent_reviews-2":{"title":"Recent Reviews","number":3}},"footer-first-4":{"calendar-2":{"title":""}},"shop-sidebar":{"woocommerce_product_categories-2":{"title":"Categories","orderby":"name","dropdown":0,"count":0,"hierarchical":1,"show_children_only":0,"hide_empty":0},"woocommerce_layered_nav-2":{"title":"Filter by","attribute":"theme-type","display_type":"list","query_type":"or"},"social-profile-icons-2":{"title":"","facebook":"https:\/\/facebook.com\/mythemeshop","behance":"","flickr":"","gplus":"https:\/\/google.com\/+MyThemeShop","pinterest":"","instagram":"","dribbble":"","linkedin":"","soundcloud":"","twitter":"https:\/\/twitter.com\/mythemeshopteam","vimeo":"","stumbleupon":"","tumblr":"","github":"","youtube":"https:\/\/www.youtube.com\/user\/mythemeshoptube","foursquare":"","reddit":"","dropbox":"","skype":"","vk":"","email":"","rss":""},"mts_widget_recent_tweets-2":{"title":"Tweets","consumerkey":"uALGWYZANMHuIz8SnJx6A","consumersecret":"h85rBBN1C54EDAlKM06itZho1EKfkB9xsJThMwE","accesstoken":"28959960-PSRUVP19F74YJ8F1rYSs6cnjaqxPqwxyBv68I0vF9","accesstokensecret":"kCTN92q50F8MnIUmi4hbanYbChTmuJJp5K3e3aUGA","cachetime":"24","username":"mythemeshopteam","tweetstoshow":"1"}},"product-sidebar":{"woocommerce_top_rated_products-3":{"title":"Top Products","number":3},"woocommerce_recently_viewed_products-2":{"title":"Recently Viewed","number":3}}}