{"homepage-sidebar":{"woocommerce_product_search-3":{"title":""},"woocommerce_product_categories-3":{"title":"Products","orderby":"name","dropdown":0,"count":0,"hierarchical":1,"show_children_only":0,"hide_empty":0},"woocommerce_top_rated_products-2":{"title":"Top Products","number":4}},"sidebar":{"search-3":{"title":""},"mts_popular_posts_widget-2":{"title":"Popular Posts","qty":4,"title_length":7,"comment_num":0,"date":1,"days":99999,"show_thumb3":1,"box_layout":"vertical-small","show_excerpt":0,"excerpt_length":10},"tag_cloud-2":{"title":"","taxonomy":"post_tag"}},"shop-sidebar":{"woocommerce_product_search-2":{"title":""},"woocommerce_price_filter-2":{"title":"Filter by price"},"social-profile-icons-2":{"title":"","facebook":"https:\/\/facebook.com\/mythemeshop","behance":"","flickr":"","gplus":"https:\/\/google.com\/+MyThemeShop","pinterest":"","instagram":"","dribbble":"","linkedin":"","soundcloud":"","twitter":"https:\/\/twitter.com\/mythemeshopteam","vimeo":"","stumbleupon":"","tumblr":"","github":"","youtube":"","foursquare":"","reddit":"","dropbox":"","skype":"","vk":"","email":"mailto:support-team@mythemeshop.com","rss":"https:\/\/mythemeshop.com\/feed"},"woocommerce_recently_viewed_products-2":{"title":"Recently Viewed Products","number":3}},"product-sidebar":{"woocommerce_product_categories-2":{"title":"Categories","orderby":"name","dropdown":0,"count":0,"hierarchical":1,"show_children_only":0,"hide_empty":0},"woocommerce_products-2":{"title":"Sale","number":2,"show":"onsale","orderby":"date","order":"desc","hide_free":0,"show_hidden":0}}}